question,flat_rag,graph_rag,entities_found
Who founded the company that developed ChatGPT?,"Based on the provided context, the specific founder(s) of OpenAI are not mentioned. The context states that OpenAI developed ChatGPT, but does not provide information about its founding.","Based on the provided context, OpenAI developed ChatGPT and was founded by John Schulman, Ilya Sutskever, Wojciech Zaremba, Greg Brockman, and Sam Altman. Therefore, the founders of the company that developed ChatGPT are John Schulman, Ilya Sutskever, Wojciech Zaremba, Greg Brockman, and Sam Altman.",['ChatGPT']
Which company's cloud service is the exclusive provider for OpenAI?,"Based on the provided context, Microsoft's cloud service (Azure) is the exclusive provider for OpenAI.",Microsoft Azure,"['OpenAI', 'Alibaba Cloud']"
Who became the CEO of Google in 2015?,Sundar Pichai became the CEO of Google in 2015.,"Based on the provided context, there is no direct information about who became the CEO of Google in 2015. The context mentions that Larry Page co-founded Google but does not provide specific details about his role or any successor's name in 2015. Therefore, I cannot answer this question with the given information alone.",['Google']
Which company founded in 1976 created the iPhone?,"Apple created the iPhone in 1976 when it was founded by Steve Jobs, Steve Wozniak, and Ronald Wayne. However, it's important to note that the first iPhone was released much later, in 2007.","Based on the provided context, Apple was founded by Steve Jobs, Steve Wozniak, and Ronald Wayne. Among these founders, Steve Jobs and Steve Wozniak are notably associated with the creation of the iPhone. Given that Apple was founded in 1976, and considering historical facts not included in this specific context, Steve Jobs is widely recognized as one of the key figures behind the development of the iPhone. Therefore, the answer to the question ""Which company founded in 1976 created the iPhone?"" can be inferred to be Apple, with a strong association to Steve Jobs.",['Apple']
Which company developed CUDA to accelerate AI development?,NVIDIA developed CUDA to accelerate AI development.,NVIDIA developed CUDA to accelerate AI development.,"['CUDA', 'CUDA']"
Who were the co-founders of Apple along with Steve Jobs?,"The context provided does not contain information about the co-founders of Apple. Based solely on the given context, I cannot provide an answer to this question. The context focuses on OpenAI, Microsoft, and NVIDIA's CUDA platform, but does not mention anything related to Apple or its founders.",The co-founders of Apple along with Steve Jobs were Ronald Wayne and Steve Wozniak.,"['Steve Wozniak', 'Steve Jobs']"
Which company acquired YouTube and Android?,Google acquired YouTube and Android.,Google acquired both YouTube and Android.,"['YouTube', 'Android']"
Which company launched AWS in 2006?,Amazon launched AWS in 2006.,AWS launched AWS in 2006.,"['AWS', 'Amazon']"
Who succeeded Steve Jobs as CEO of Apple?,"The context provided does not contain any information about Steve Jobs or his successor at Apple. The context is focused on the partnership between OpenAI and Microsoft in the field of AI technology. Therefore, based solely on the given context, I cannot answer the question about Steve Jobs' successor at Apple.","The context provided does not specify who succeeded Steve Jobs as CEO of Apple. Therefore, based on the given information, I cannot provide an answer to this question.","['Apple', 'Steve Jobs']"
Which companies rely on NVIDIA's GPUs for their AI infrastructure?,"The context provided does not specify which companies rely on NVIDIA's GPUs for their AI infrastructure. It only mentions that NVIDIA has become important in the global AI supply chain due to AI adoption growth and that Apple competes with NVIDIA in custom silicon chips. To answer the question accurately, we would need additional information about specific companies using NVIDIA's GPUs for AI.","Based on the provided context, the following companies rely on NVIDIA's GPUs for their AI infrastructure:

- Google
- Amazon
- OpenAI
- Microsoft (indirectly through Azure)
- AWS

These companies are mentioned as using or acquiring NVIDIA GPUs or partnering with NVIDIA for AI and machine learning applications.",['NVIDIA']
Which university did the founders of Google attend?,"The context provided does not contain information about the universities attended by the founders of Google. The context focuses on OpenAI, NVIDIA, and their contributions to AI technology but does not mention Google or its founders. Therefore, I cannot provide an answer to the question based on the given context.",Stanford University,['Stanford University']
What was the original business of Amazon when it was founded in 1994?,"The context provided does not contain information about Amazon's original business when it was founded in 1994. The given context focuses on Google and NVIDIA, not Amazon. Therefore, I cannot provide an answer to the question based on the given context alone.","Based on the provided context, Amazon was originally founded as a company to sell books online when it was established in 1994. However, the context does not explicitly state this detail; it only mentions that Amazon was founded in 1994 and later expanded into other areas such as cloud services (AWS) and voice assistants.",['Amazon']
Which company transitioned to a capped-profit structure called OpenAI LP?,"The context provided does not mention any company transitioning to an OpenAI LP structure. The information given focuses on the development of AI systems by OpenAI, including GPT-3, GPT-4, ChatGPT, DALL-E, and Whisper. It also mentions that OpenAI works closely with Microsoft but does not provide details about a change in its corporate structure to OpenAI LP.",OpenAI transitioned to a capped-profit structure called OpenAI LP.,['OpenAI LP']
Which company competes with Apple's iOS through the Android operating system?,Google competes with Apple's iOS through the Android operating system.,Android competes with Apple's iOS.,"['Android', 'Apple']"
Which hardware company's processors compete with Apple's M-series chips?,"Intel, AMD, and NVIDIA's processors compete with Apple's M-series chips.","Based on the provided context, NVIDIA's custom silicon chips compete with Apple's custom silicon chips. Therefore, the answer is NVIDIA.","['Apple', 'Intel', 'AMD']"
Which organization was initially established as a non-profit to benefit humanity?,"Based on the provided context, OpenAI was initially established as a non-profit to benefit humanity.","Based on the provided context, the answer is not directly given within the snippet. However, considering common knowledge, organizations like the Red Cross were initially established as non-profits to benefit humanity. If you could provide more specific details from the GraphRAG context, I would be able to give a more precise answer.",['Alibaba Group']
Which cloud provider is the largest globally according to the text?,"The provided context does not mention any cloud providers. Therefore, based on the given information, it's not possible to determine which cloud provider is the largest globally.","Based on the provided context, the text does not explicitly mention any specific cloud provider's global market share. However, it lists several competitors in the cloud services space, including Microsoft Azure and Amazon Web Services. Without additional information about their respective sizes, we cannot definitively state which one is the largest globally from this context alone.","['Amazon Web Services', 'Alibaba Cloud']"
Who are the founders of NVIDIA?,"The context provided does not contain information about the founders of NVIDIA. The context only mentions that NVIDIA is an important company in the global AI supply chain. For accurate information on the founders of NVIDIA, you would need to refer to additional sources.","The founders of NVIDIA are Jensen Huang, Curtis Priem, and Chris Malachowsky.",['NVIDIA']
Which company partnered with Anthropic?,"The given context does not mention any partnership between Anthropic and a company. The context discusses partnerships and competitions involving OpenAI, Microsoft, Amazon, and Google in the AI and cloud computing markets. Therefore, based on the provided information, there is no answer to the question ""Which company partnered with Anthropic?""","Based on the provided context of type GraphRAG, there is no specific information given about which company partnered with Anthropic. The context does not contain any details regarding partnerships involving Anthropic. Therefore, I cannot provide an answer to this question based solely on the given information.",['Anthropic']
Which company developed image generation system DALL-E?,OpenAI developed the image generation system DALL-E.,OpenAI developed the image generation system DALL-E.,['DALL-E']
